0,0.035789,0.16486
0.0004,-0.044211,0.084858
0.0008,0.035789,0.0048583
0.0012,0.035789,0.084858
0.0016,-0.044211,0.0048583
0.002,-0.044211,-0.075142
0.0024,0.035789,-0.075142
0.0028,0.035789,-0.075142
0.0032,0.035789,-0.075142
0.0036,0.035789,-0.15514
0.004,-0.044211,-0.15514
0.0044,0.035789,-0.075142
0.0048,-0.044211,0.0048583
0.0052,-0.044211,-0.075142
0.0056,0.035789,0.0048583
0.006,0.035789,0.0048583
0.0064,0.035789,0.0048583
0.0068,0.035789,0.084858
0.0072,-0.044211,0.084858
0.0076,0.035789,0.16486
0.008,-0.044211,0.16486
0.0084,0.035789,0.24486
0.0088,0.035789,0.24486
0.0092,0.035789,0.24486
0.0096,-0.044211,0.24486
0.01,0.035789,0.24486
0.0104,0.035789,0.24486
0.0108,-0.044211,0.16486
0.0112,0.035789,0.084858
0.0116,0.035789,0.084858
0.012,0.035789,0.0048583
0.0124,0.035789,0.0048583
0.0128,0.035789,-0.075142
0.0132,-0.044211,0.0048583
0.0136,0.035789,-0.075142
0.014,0.035789,-0.075142
0.0144,0.035789,-0.075142
0.0148,-0.044211,-0.075142
0.0152,-0.044211,-0.075142
0.0156,0.035789,-0.15514
0.016,0.035789,-0.15514
0.0164,0.035789,-0.23514
0.0168,0.035789,-0.23514
0.0172,-0.044211,-0.23514
0.0176,0.035789,-0.23514
0.018,0.035789,-0.23514
0.0184,-0.044211,-0.15514
0.0188,0.035789,-0.15514
0.0192,-0.044211,-0.075142
0.0196,-0.044211,-0.075142
0.02,0.035789,0.0048583
0.0204,-0.044211,0.084858
0.0208,0.035789,0.084858
0.0212,-0.044211,0.084858
0.0216,-0.044211,0.084858
0.022,-0.044211,0.16486
0.0224,-0.044211,0.16486
0.0228,-0.044211,0.24486
0.0232,-0.044211,0.24486
0.0236,0.035789,0.16486
0.024,0.035789,0.24486
0.0244,0.035789,0.084858
0.0248,-0.044211,0.0048583
0.0252,-0.044211,0.084858
0.0256,0.035789,0.0048583
0.026,0.035789,-0.075142
0.0264,0.035789,-0.075142
0.0268,-0.044211,-0.075142
0.0272,0.035789,-0.075142
0.0276,0.035789,-0.075142
0.028,-0.044211,-0.075142
0.0284,-0.044211,-0.075142
0.0288,0.035789,-0.15514
0.0292,0.035789,-0.15514
0.0296,0.035789,-0.23514
0.03,-0.044211,-0.15514
0.0304,0.035789,-0.15514
0.0308,0.035789,-0.15514
0.0312,0.035789,-0.15514
0.0316,-0.044211,-0.23514
0.032,-0.044211,-0.15514
0.0324,0.035789,-0.15514
0.0328,0.035789,-0.075142
0.0332,-0.044211,-0.075142
0.0336,0.035789,0.0048583
0.034,-0.044211,0.084858
0.0344,-0.044211,0.084858
0.0348,-0.044211,0.084858
0.0352,0.035789,0.16486
0.0356,0.035789,0.16486
0.036,0.035789,0.24486
0.0364,-0.044211,0.24486
0.0368,-0.044211,0.24486
0.0372,-0.044211,0.24486
0.0376,0.035789,0.084858
0.038,0.035789,0.24486
0.0384,-0.044211,0.0048583
0.0388,0.035789,-0.075142
0.0392,0.035789,0.0048583
0.0396,-0.044211,-0.075142
0.04,-0.044211,-0.075142
0.0404,0.035789,-0.075142
0.0408,0.11579,-0.15514
0.0412,0.035789,-0.075142
0.0416,-0.044211,-0.15514
0.042,0.035789,-0.15514
0.0424,-0.044211,-0.23514
0.0428,0.035789,-0.23514
0.0432,-0.044211,-0.23514
0.0436,-0.044211,-0.23514
0.044,0.035789,-0.31514
0.0444,-0.044211,-0.23514
0.0448,-0.044211,-0.23514
0.0452,-0.044211,-0.15514
0.0456,-0.044211,-0.23514
0.046,-0.044211,-0.23514
0.0464,-0.044211,-0.15514
0.0468,-0.044211,-0.075142
0.0472,0.035789,-0.075142
0.0476,0.035789,0.0048583
0.048,0.035789,0.0048583
0.0484,-0.12421,0.084858
0.0488,0.035789,0.084858
0.0492,0.035789,0.084858
0.0496,-0.044211,0.16486
0.05,-0.044211,0.16486
0.0504,-0.044211,0.16486
0.0508,-0.044211,0.16486
0.0512,-0.044211,0.16486
0.0516,0.035789,0.084858
0.052,-0.044211,0.0048583
0.0524,-0.044211,0.0048583
0.0528,-0.044211,-0.075142
0.0532,0.035789,-0.15514
0.0536,0.035789,-0.075142
0.054,0.035789,-0.075142
0.0544,0.035789,-0.075142
0.0548,-0.044211,-0.075142
0.0552,-0.044211,-0.15514
0.0556,-0.044211,-0.15514
0.056,-0.044211,-0.15514
0.0564,0.035789,-0.23514
0.0568,-0.044211,-0.23514
0.0572,-0.044211,-0.31514
0.0576,-0.044211,-0.31514
0.058,-0.044211,-0.23514
0.0584,-0.044211,-0.31514
0.0588,-0.044211,-0.23514
0.0592,-0.044211,-0.23514
0.0596,-0.044211,0.0048583
0.06,-0.044211,-0.15514
0.0604,0.035789,-0.075142
0.0608,-0.044211,0.0048583
0.0612,0.035789,0.0048583
0.0616,-0.044211,0.084858
0.062,-0.044211,0.084858
0.0624,0.035789,0.084858
0.0628,-0.044211,0.084858
0.0632,-0.044211,0.16486
0.0636,-0.044211,0.16486
0.064,0.035789,0.16486
0.0644,-0.044211,0.24486
0.0648,0.035789,0.084858
0.0652,-0.044211,0.24486
0.0656,0.035789,-0.075142
0.066,-0.044211,0.084858
0.0664,-0.044211,-0.075142
0.0668,0.035789,-0.075142
0.0672,0.035789,-0.15514
0.0676,-0.044211,-0.075142
0.068,0.035789,-0.075142
0.0684,-0.044211,-0.075142
0.0688,-0.044211,-0.075142
0.0692,-0.044211,-0.15514
0.0696,-0.044211,-0.15514
0.07,-0.044211,-0.15514
0.0704,-0.044211,-0.23514
0.0708,-0.044211,-0.23514
0.0712,-0.044211,-0.23514
0.0716,-0.044211,-0.23514
0.072,-0.044211,-0.23514
0.0724,-0.044211,-0.075142
0.0728,0.035789,-0.075142
0.0732,-0.044211,-0.075142
0.0736,0.035789,-0.075142
0.074,-0.044211,-0.075142
0.0744,-0.044211,0.0048583
0.0748,-0.044211,0.084858
0.0752,-0.044211,0.084858
0.0756,0.035789,0.084858
0.076,-0.044211,0.16486
0.0764,-0.044211,0.16486
0.0768,0.035789,0.16486
0.0772,-0.044211,0.24486
0.0776,-0.044211,0.16486
0.078,0.035789,0.24486
0.0784,-0.044211,0.24486
0.0788,-0.044211,0.24486
0.0792,0.035789,0.084858
0.0796,-0.044211,0.0048583
0.08,-0.044211,0.0048583
0.0804,-0.044211,0.0048583
0.0808,-0.044211,0.0048583
0.0812,-0.044211,-0.075142
0.0816,-0.044211,0.0048583
0.082,-0.044211,-0.075142
0.0824,0.035789,-0.075142
0.0828,-0.12421,-0.075142
0.0832,-0.044211,-0.075142
0.0836,-0.044211,-0.15514
0.084,-0.044211,-0.15514
0.0844,0.035789,-0.23514
0.0848,-0.044211,-0.15514
0.0852,-0.044211,-0.075142
0.0856,-0.044211,-0.075142
0.086,-0.044211,-0.075142
0.0864,-0.044211,-0.075142
0.0868,-0.044211,-0.075142
0.0872,-0.044211,0.0048583
0.0876,-0.044211,0.0048583
0.088,-0.044211,0.084858
0.0884,0.035789,0.084858
0.0888,0.035789,0.16486
0.0892,-0.044211,0.16486
0.0896,0.035789,0.24486
0.09,0.035789,0.24486
0.0904,-0.044211,0.24486
0.0908,-0.044211,0.24486
0.0912,-0.044211,0.24486
0.0916,-0.044211,0.32486
0.092,-0.044211,0.16486
0.0924,-0.044211,0.084858
0.0928,-0.044211,0.0048583
0.0932,-0.044211,0.0048583
0.0936,-0.044211,0.084858
0.094,-0.044211,0.0048583
0.0944,0.035789,0.0048583
0.0948,0.035789,0.0048583
0.0952,-0.044211,-0.075142
0.0956,0.035789,-0.075142
0.096,-0.044211,-0.075142
0.0964,-0.044211,-0.075142
0.0968,0.035789,-0.075142
0.0972,-0.044211,-0.15514
0.0976,0.035789,-0.23514
0.098,0.035789,-0.23514
0.0984,-0.044211,-0.23514
0.0988,-0.044211,-0.23514
0.0992,0.035789,-0.075142
0.0996,0.035789,-0.23514
0.1,0.035789,-0.075142
0.1004,-0.044211,-0.075142
0.1008,0.035789,-0.075142
0.1012,0.035789,0.0048583
0.1016,-0.044211,0.0048583
0.102,0.035789,0.0048583
0.1024,-0.044211,0.084858
0.1028,-0.044211,0.16486
0.1032,-0.044211,0.16486
0.1036,-0.044211,0.16486
0.104,-0.044211,0.24486
0.1044,-0.044211,0.24486
0.1048,-0.044211,0.24486
0.1052,-0.044211,0.16486
0.1056,-0.044211,0.16486
0.106,-0.044211,0.084858
0.1064,0.035789,0.0048583
0.1068,-0.044211,-0.075142
0.1072,-0.044211,-0.075142
0.1076,0.035789,0.0048583
0.108,-0.044211,0.0048583
0.1084,0.035789,-0.075142
0.1088,0.035789,-0.075142
0.1092,-0.044211,-0.075142
0.1096,-0.044211,-0.15514
0.11,0.035789,-0.15514
0.1104,0.035789,-0.15514
0.1108,0.035789,-0.23514
0.1112,0.035789,-0.23514
0.1116,0.035789,-0.23514
0.112,0.035789,-0.31514
0.1124,0.035789,-0.31514
0.1128,0.035789,-0.15514
0.1132,0.035789,-0.23514
0.1136,0.035789,-0.15514
0.114,0.035789,-0.075142
0.1144,0.035789,-0.075142
0.1148,0.035789,0.0048583
0.1152,-0.044211,0.0048583
0.1156,-0.044211,0.084858
0.116,0.035789,0.084858
0.1164,-0.044211,0.084858
0.1168,0.035789,0.084858
0.1172,0.035789,0.16486
0.1176,-0.044211,0.24486
0.118,0.035789,0.24486
0.1184,-0.044211,0.24486
0.1188,-0.044211,0.24486
0.1192,0.035789,0.24486
0.1196,0.035789,0.16486
0.12,0.035789,0.0048583
0.1204,-0.044211,-0.075142
0.1208,-0.044211,-0.075142
0.1212,-0.044211,0.0048583
0.1216,-0.044211,-0.075142
0.122,0.035789,0.0048583
0.1224,0.035789,-0.075142
0.1228,-0.044211,-0.075142
0.1232,-0.044211,-0.075142
0.1236,-0.044211,-0.075142
0.124,0.035789,-0.15514
0.1244,0.035789,-0.15514
0.1248,-0.044211,-0.23514
0.1252,0.035789,-0.075142
0.1256,0.035789,-0.15514
0.126,0.035789,-0.15514
0.1264,-0.044211,-0.075142
0.1268,0.035789,-0.075142
0.1272,0.035789,-0.15514
0.1276,0.035789,-0.075142
0.128,0.035789,0.0048583
0.1284,0.035789,0.084858
0.1288,0.035789,0.084858
0.1292,-0.044211,0.084858
0.1296,-0.044211,0.16486
0.13,0.035789,0.16486
0.1304,0.035789,0.16486
0.1308,-0.044211,0.16486
0.1312,-0.044211,0.24486
0.1316,0.035789,0.24486
0.132,0.035789,0.24486
0.1324,-0.044211,0.24486
0.1328,0.035789,0.24486
0.1332,-0.044211,0.084858
0.1336,0.035789,-0.075142
0.134,-0.044211,0.0048583
0.1344,0.035789,0.0048583
0.1348,0.035789,0.0048583
0.1352,0.035789,-0.075142
0.1356,-0.044211,-0.075142
0.136,0.035789,-0.075142
0.1364,0.035789,-0.075142
0.1368,0.035789,-0.15514
0.1372,-0.044211,-0.075142
0.1376,0.035789,-0.15514
0.138,-0.044211,-0.15514
0.1384,-0.044211,-0.23514
0.1388,0.035789,-0.23514
0.1392,-0.044211,-0.23514
0.1396,0.035789,-0.15514
0.14,0.035789,-0.075142
0.1404,0.035789,-0.15514
0.1408,0.035789,-0.15514
0.1412,0.035789,-0.075142
0.1416,0.035789,-0.075142
0.142,0.035789,0.0048583
0.1424,0.035789,0.084858
0.1428,0.035789,0.084858
0.1432,0.035789,0.16486
0.1436,0.035789,0.16486
0.144,0.035789,0.16486
0.1444,0.035789,0.24486
0.1448,0.035789,0.16486
0.1452,-0.044211,0.24486
0.1456,-0.044211,0.24486
0.146,-0.044211,0.24486
0.1464,-0.044211,0.32486
0.1468,-0.044211,0.0048583
0.1472,-0.044211,0.084858
0.1476,0.035789,0.0048583
0.148,0.035789,0.0048583
0.1484,0.035789,0.0048583
0.1488,0.035789,0.0048583
0.1492,0.11579,0.0048583
0.1496,-0.044211,-0.075142
0.15,0.035789,0.0048583
0.1504,0.035789,-0.075142
0.1508,0.035789,-0.075142
0.1512,0.035789,-0.075142
0.1516,-0.044211,-0.075142
0.152,0.035789,-0.15514
0.1524,-0.044211,-0.15514
0.1528,-0.044211,-0.15514
0.1532,-0.044211,-0.15514
0.1536,0.035789,-0.15514
0.154,0.035789,-0.075142
0.1544,0.035789,-0.075142
0.1548,-0.044211,0.0048583
0.1552,0.035789,0.0048583
0.1556,0.035789,0.084858
0.156,0.035789,0.084858
0.1564,0.035789,0.16486
0.1568,0.035789,0.24486
0.1572,0.035789,0.24486
0.1576,0.035789,0.24486
0.158,0.035789,0.32486
0.1584,-0.044211,0.32486
0.1588,0.035789,0.24486
0.1592,0.035789,0.32486
0.1596,0.035789,0.16486
0.16,0.035789,0.084858
0.1604,0.035789,0.16486
0.1608,-0.044211,0.084858
0.1612,0.035789,0.084858
0.1616,-0.044211,0.084858
0.162,0.035789,0.0048583
0.1624,-0.044211,0.0048583
0.1628,-0.044211,0.0048583
0.1632,-0.044211,0.0048583
0.1636,-0.044211,0.0048583
0.164,0.035789,-0.075142
0.1644,-0.044211,-0.075142
0.1648,-0.044211,-0.075142
0.1652,0.035789,-0.075142
0.1656,-0.044211,-0.15514
0.166,0.035789,-0.15514
0.1664,0.035789,-0.23514
0.1668,0.035789,-0.15514
0.1672,0.035789,-0.075142
0.1676,0.035789,-0.075142
0.168,0.035789,0.0048583
0.1684,0.035789,0.084858
0.1688,-0.044211,0.084858
0.1692,0.035789,0.084858
0.1696,0.035789,0.16486
0.17,0.035789,0.16486
0.1704,0.035789,0.24486
0.1708,0.035789,0.24486
0.1712,-0.044211,0.24486
0.1716,0.035789,0.24486
0.172,0.035789,0.24486
0.1724,0.035789,0.24486
0.1728,0.035789,0.32486
0.1732,0.035789,0.16486
0.1736,-0.044211,0.0048583
0.174,0.035789,0.0048583
0.1744,0.035789,0.0048583
0.1748,0.035789,0.0048583
0.1752,0.035789,0.0048583
0.1756,-0.044211,0.0048583
0.176,0.035789,0.0048583
0.1764,0.035789,0.0048583
0.1768,0.035789,-0.075142
0.1772,-0.044211,-0.075142
0.1776,0.035789,-0.075142
0.178,0.035789,-0.075142
0.1784,0.035789,-0.15514
0.1788,0.035789,-0.075142
0.1792,0.035789,-0.075142
0.1796,0.035789,-0.075142
0.18,0.035789,-0.15514
0.1804,-0.044211,-0.15514
0.1808,0.035789,-0.075142
0.1812,0.035789,-0.075142
0.1816,0.035789,0.0048583
0.182,-0.044211,0.0048583
0.1824,0.035789,0.084858
0.1828,0.035789,0.084858
0.1832,0.035789,0.16486
0.1836,-0.044211,0.24486
0.184,0.035789,0.24486
0.1844,0.035789,0.24486
0.1848,0.035789,0.24486
0.1852,0.035789,0.24486
0.1856,0.035789,0.32486
0.186,0.035789,0.32486
0.1864,0.035789,0.084858
0.1868,0.035789,0.084858
0.1872,0.035789,0.16486
0.1876,0.035789,0.16486
0.188,0.035789,0.084858
0.1884,-0.044211,0.084858
0.1888,-0.044211,0.084858
0.1892,0.035789,0.0048583
0.1896,-0.044211,0.084858
0.19,0.035789,0.0048583
0.1904,0.035789,-0.075142
0.1908,0.035789,-0.075142
0.1912,0.035789,-0.075142
0.1916,0.035789,-0.15514
0.192,0.035789,-0.15514
0.1924,0.035789,-0.15514
0.1928,0.035789,-0.23514
0.1932,0.035789,-0.15514
0.1936,0.035789,-0.15514
0.194,0.035789,-0.15514
0.1944,0.035789,-0.075142
0.1948,0.035789,-0.075142
0.1952,0.035789,0.0048583
0.1956,0.035789,0.0048583
0.196,0.035789,0.084858
0.1964,0.035789,0.084858
0.1968,0.035789,0.084858
0.1972,0.11579,0.16486
0.1976,4.5158,0.16486
0.198,4.3558,0.16486
0.1984,4.2758,0.24486
0.1988,4.2758,0.32486
0.1992,4.1958,0.32486
0.1996,4.1158,0.32486
0.2,4.1158,0.16486
0.2004,4.1158,0.084858
0.2008,4.1158,0.084858
0.2012,4.1158,0.16486
0.2016,4.0358,0.16486
0.202,4.1158,0.16486
0.2024,4.1158,0.24486
0.2028,4.0358,0.16486
0.2032,4.0358,0.16486
0.2036,4.0358,0.16486
0.204,4.0358,0.16486
0.2044,4.0358,0.16486
0.2048,3.9558,0.24486
0.2052,4.0358,0.24486
0.2056,4.0358,0.24486
0.206,4.0358,0.084858
0.2064,4.0358,0.24486
0.2068,4.0358,0.32486
0.2072,4.0358,0.32486
0.2076,4.0358,0.40486
0.208,4.0358,0.56486
0.2084,4.0358,0.56486
0.2088,4.0358,0.72486
0.2092,4.0358,0.72486
0.2096,4.0358,0.80486
0.21,4.0358,0.88486
0.2104,4.0358,0.96486
0.2108,4.1158,0.96486
0.2112,4.0358,1.0449
0.2116,4.1158,1.0449
0.212,4.1158,0.80486
0.2124,4.1158,0.96486
0.2128,4.1158,0.96486
0.2132,4.0358,0.96486
0.2136,4.0358,0.88486
0.214,4.1158,0.96486
0.2144,4.1158,0.96486
0.2148,4.1158,0.96486
0.2152,4.1158,0.96486
0.2156,4.1958,0.96486
0.216,4.1158,0.96486
0.2164,4.1158,0.88486
0.2168,4.1958,0.88486
0.2172,4.1958,0.96486
0.2176,4.1958,0.96486
0.218,4.1958,1.0449
0.2184,4.1158,1.0449
0.2188,4.1958,1.0449
0.2192,4.1958,1.1249
0.2196,4.1158,1.3649
0.22,4.1158,1.3649
0.2204,4.1158,1.5249
0.2208,4.1958,1.5249
0.2212,4.1958,1.6049
0.2216,4.1158,1.6849
0.222,4.1958,1.7649
0.2224,4.1958,1.7649
0.2228,4.1958,2.0049
0.2232,4.1958,1.6849
0.2236,4.1958,1.6049
0.224,4.1958,1.5249
0.2244,4.1958,1.4449
0.2248,4.1958,1.5249
0.2252,4.1958,1.5249
0.2256,4.1958,1.5249
0.226,4.1958,1.4449
0.2264,4.1958,1.5249
0.2268,4.1958,1.5249
0.2272,4.1958,1.4449
0.2276,4.1958,1.4449
0.228,4.1958,1.3649
0.2284,4.1958,1.4449
0.2288,4.1958,1.5249
0.2292,4.1958,1.5249
0.2296,4.1958,1.6049
0.23,4.1958,1.7649
0.2304,4.1958,1.8449
0.2308,4.2758,2.0049
0.2312,4.2758,2.0049
0.2316,4.1958,2.0849
0.232,4.1958,2.1649
0.2324,4.1958,2.2449
0.2328,4.1958,2.2449
0.2332,4.1958,2.2449
0.2336,4.1958,2.1649
0.234,4.2758,2.2449
0.2344,4.2758,1.9249
0.2348,4.2758,2.0049
0.2352,4.2758,2.0049
0.2356,4.2758,2.0049
0.236,4.2758,2.0049
0.2364,4.2758,1.9249
0.2368,4.1958,1.8449
0.2372,4.1958,1.9249
0.2376,4.1958,1.8449
0.238,4.1958,1.8449
0.2384,4.1958,1.9249
0.2388,4.1958,1.9249
0.2392,4.2758,2.1649
0.2396,4.2758,2.2449
0.24,4.2758,2.3249
0.2404,4.2758,2.4049
0.2408,4.2758,2.4849
0.2412,4.2758,2.5649
0.2416,4.2758,2.6449
0.242,4.2758,2.6449
0.2424,4.2758,2.7249
0.2428,4.2758,2.8049
0.2432,4.2758,2.5649
0.2436,4.2758,2.4849
0.244,4.2758,2.3249
0.2444,4.2758,2.3249
0.2448,4.2758,2.4049
0.2452,4.1958,2.4049
0.2456,4.2758,2.4049
0.246,4.2758,2.3249
0.2464,4.2758,2.2449
0.2468,4.2758,2.2449
0.2472,4.2758,2.3249
0.2476,4.2758,2.4849
0.248,4.2758,2.4849
0.2484,4.2758,2.5649
0.2488,4.2758,2.6449
0.2492,4.2758,2.8049
0.2496,4.2758,2.9649
0.25,4.2758,2.9649
0.2504,4.3558,3.0449
0.2508,4.3558,3.1249
0.2512,4.3558,3.1249
0.2516,4.3558,3.1249
0.252,4.2758,2.5649
0.2524,4.3558,2.6449
0.2528,4.3558,2.7249
0.2532,4.3558,2.8049
0.2536,4.3558,2.7249
0.254,4.3558,2.7249
0.2544,4.2758,2.7249
0.2548,4.3558,2.7249
0.2552,4.3558,2.6449
0.2556,4.3558,2.6449
0.256,4.2758,2.8049
0.2564,4.3558,2.8849
0.2568,4.3558,2.8849
0.2572,4.3558,3.0449
0.2576,4.3558,3.1249
0.258,4.3558,3.2849
0.2584,4.3558,3.3649
0.2588,4.3558,3.4449
0.2592,4.3558,3.4449
0.2596,4.3558,3.5249
0.26,4.3558,3.5249
0.2604,4.3558,3.2049
0.2608,4.3558,3.1249
0.2612,4.3558,3.1249
0.2616,4.3558,3.0449
0.262,4.3558,3.1249
0.2624,4.3558,3.0449
0.2628,4.3558,2.9649
0.2632,4.3558,2.8849
0.2636,4.3558,2.8849
0.264,4.3558,2.9649
0.2644,4.3558,3.1249
0.2648,4.4358,3.0449
0.2652,4.4358,3.2049
0.2656,4.4358,3.2049
0.266,4.4358,3.3649
0.2664,4.3558,3.5249
0.2668,4.3558,3.6049
0.2672,4.3558,3.6049
0.2676,4.3558,3.7649
0.268,4.4358,3.7649
0.2684,4.4358,3.6049
0.2688,4.4358,3.2849
0.2692,4.4358,3.2849
0.2696,4.5158,3.3649
0.27,4.5158,3.3649
0.2704,4.4358,3.2849
0.2708,4.4358,3.2849
0.2712,4.4358,3.2849
0.2716,4.4358,3.1249
0.272,4.4358,3.1249
0.2724,4.4358,3.1249
0.2728,4.4358,3.2849
0.2732,4.4358,3.3649
0.2736,4.4358,3.5249
0.274,4.4358,3.6849
0.2744,4.4358,3.8449
0.2748,4.4358,3.9249
0.2752,4.5158,3.9249
0.2756,4.5158,4.0849
0.276,4.4358,4.0849
0.2764,4.4358,3.6849
0.2768,4.4358,3.5249
0.2772,4.4358,3.5249
0.2776,4.4358,3.6849
0.278,4.5158,3.6049
0.2784,4.5158,3.6049
0.2788,4.4358,3.5249
0.2792,4.5158,3.5249
0.2796,4.5158,3.5249
0.28,4.5158,3.5249
0.2804,4.5158,3.6049
0.2808,4.4358,3.6049
0.2812,4.5158,3.7649
0.2816,4.5158,3.9249
0.282,4.4358,4.0049
0.2824,4.5158,4.1649
0.2828,4.5158,4.2449
0.2832,4.5158,4.3249
0.2836,4.5158,4.3249
0.284,4.5158,4.2449
0.2844,4.5158,3.6049
0.2848,4.5158,3.7649
0.2852,4.5158,3.8449
0.2856,4.5158,3.8449
0.286,4.5158,3.8449
0.2864,4.5158,3.7649
0.2868,4.5158,3.6849
0.2872,4.5158,3.6049
0.2876,4.5158,3.6849
0.288,4.5958,3.7649
0.2884,4.5158,3.6849
0.2888,4.5158,3.9249
0.2892,4.5958,4.0849
0.2896,4.5958,4.1649
0.29,4.5158,4.3249
0.2904,4.5158,4.4849
0.2908,4.5958,4.4849
0.2912,4.5158,4.5649
0.2916,4.5958,4.6449
0.292,4.5158,4.0849
0.2924,4.5158,3.9249
0.2928,4.5958,4.0049
0.2932,4.5158,4.0849
0.2936,4.5958,3.9249
0.294,4.5158,3.9249
0.2944,4.5158,3.9249
0.2948,4.5158,3.8449
0.2952,4.5158,3.6849
0.2956,4.5158,3.9249
0.296,4.5158,4.0049
0.2964,4.5158,4.1649
0.2968,4.5158,4.3249
0.2972,4.5158,4.4049
0.2976,4.5158,4.5649
0.298,4.5958,4.6449
0.2984,4.5158,4.6449
0.2988,4.5158,4.4849
0.2992,4.5958,4.3249
0.2996,4.5958,4.4049
0.3,4.5958,4.2449
0.3004,4.5158,4.1649
0.3008,4.5958,4.2449
0.3012,4.5958,4.1649
0.3016,4.5158,4.0849
0.302,4.5958,3.9249
0.3024,4.5958,4.0049
0.3028,4.5958,4.0049
0.3032,4.5958,4.2449
0.3036,4.5958,4.3249
0.304,4.5958,4.4849
0.3044,4.5158,4.6449
0.3048,4.5958,4.7249
0.3052,4.5958,4.8049
0.3056,4.5958,4.8849
0.306,4.5958,4.8049
0.3064,4.5958,4.1649
0.3068,4.5958,4.2449
0.3072,4.5958,4.3249
0.3076,4.5958,4.4049
0.308,4.5158,4.4049
0.3084,4.5958,4.2449
0.3088,4.5158,4.2449
0.3092,4.5958,4.2449
0.3096,4.5958,4.2449
0.31,4.5158,4.2449
0.3104,4.5958,4.4049
0.3108,4.5958,4.5649
0.3112,4.5958,4.7249
0.3116,4.5958,4.8049
0.312,4.5958,4.8849
0.3124,4.5958,4.9649
0.3128,4.5958,4.9649
0.3132,4.5958,4.4849
0.3136,4.5958,4.6449
0.314,4.5158,4.7249
0.3144,4.5958,4.7249
0.3148,4.5958,4.6449
0.3152,4.5958,4.5649
0.3156,4.5958,4.4049
0.316,4.5958,4.3249
0.3164,4.5958,4.3249
0.3168,4.5958,4.2449
0.3172,4.5958,4.4049
0.3176,4.5958,4.4849
0.318,4.5958,4.6449
0.3184,4.5958,4.8049
0.3188,4.5958,4.8849
0.3192,4.5958,4.9649
0.3196,4.5958,4.9649
0.32,4.5958,5.0449
0.3204,4.5958,4.5649
0.3208,4.5958,4.6449
0.3212,4.5958,4.4849
0.3216,4.5958,4.4849
0.322,4.5958,4.5649
0.3224,4.5958,4.4849
0.3228,4.5958,4.4049
0.3232,4.5958,4.2449
0.3236,4.5958,4.2449
0.324,4.5958,4.3249
0.3244,4.5958,4.6449
0.3248,4.5958,4.6449
0.3252,4.5958,4.8049
0.3256,4.5158,4.9649
0.326,4.5958,5.0449
0.3264,4.5958,5.1249
0.3268,4.5958,5.2049
0.3272,4.5958,5.2849
0.3276,4.5958,4.8049
0.328,4.5958,4.6449
0.3284,4.5958,4.7249
0.3288,4.5958,4.8049
0.3292,4.5958,4.8049
0.3296,4.5958,4.6449
0.33,4.5958,4.5649
0.3304,4.5958,4.5649
0.3308,4.5958,4.5649
0.3312,4.5958,4.5649
0.3316,4.5958,4.8049
0.332,4.5958,4.9649
0.3324,4.5958,5.1249
0.3328,4.5958,5.2849
0.3332,4.6758,5.3649
0.3336,4.5958,5.4449
0.334,4.6758,5.2849
0.3344,4.5958,4.8849
0.3348,4.5958,4.8849
0.3352,4.6758,4.8849
0.3356,4.5958,4.8049
0.336,4.5958,4.8049
0.3364,4.6758,4.8049
0.3368,4.6758,4.6449
0.3372,4.5958,4.5649
0.3376,4.5958,4.6449
0.338,4.5958,4.6449
0.3384,4.5958,4.8049
0.3388,4.5958,4.9649
0.3392,4.5958,5.1249
0.3396,4.5958,5.2849
0.34,4.5958,5.4449
0.3404,4.5958,5.4449
0.3408,4.5958,5.5249
0.3412,4.5958,4.8049
0.3416,4.5958,4.8849
0.342,4.5958,4.8049
0.3424,4.5958,4.9649
0.3428,4.5958,4.8049
0.3432,4.5958,4.7249
0.3436,4.5958,4.7249
0.344,4.5958,4.5649
0.3444,4.5958,4.5649
0.3448,4.5958,4.6449
0.3452,4.5958,4.9649
0.3456,4.5958,5.1249
0.346,4.5958,5.2049
0.3464,4.5958,5.3649
0.3468,4.5958,5.4449
0.3472,4.5958,5.5249
0.3476,4.5958,5.3649
0.348,4.5958,5.2049
0.3484,4.5958,4.7249
0.3488,4.5958,4.8849
0.3492,4.5958,4.9649
0.3496,4.5958,4.8849
0.35,4.5958,4.8849
0.3504,4.5958,4.7249
0.3508,4.5958,4.7249
0.3512,4.5958,4.8849
0.3516,4.5958,4.9649
0.352,4.5958,5.1249
0.3524,4.5958,5.2849
0.3528,4.5958,5.4449
0.3532,4.5958,5.5249
0.3536,4.5958,5.6049
0.354,4.5958,5.6049
0.3544,4.5958,5.6049
0.3548,4.5958,4.8849
0.3552,4.5958,5.0449
0.3556,4.5958,5.1249
0.356,4.6758,5.0449
0.3564,4.5958,4.9649
0.3568,4.5958,4.9649
0.3572,4.6758,4.8849
0.3576,4.6758,5.1249
0.358,4.5958,5.0449
0.3584,4.5958,5.1249
0.3588,4.5958,5.3649
0.3592,4.6758,5.4449
0.3596,4.6758,5.6049
0.36,4.5958,5.7649
0.3604,4.5958,5.8449
0.3608,4.5958,5.7649
0.3612,4.5958,5.0449
0.3616,4.5958,5.2849
0.362,4.5958,5.2049
0.3624,4.6758,5.2049
0.3628,4.5958,5.0449
0.3632,4.6758,5.0449
0.3636,4.5958,4.8849
0.364,4.6758,4.8849
0.3644,4.6758,5.3649
0.3648,4.5958,5.0449
0.3652,4.6758,5.2049
0.3656,4.6758,5.4449
0.366,4.6758,5.5249
0.3664,4.6758,5.6849
0.3668,4.5958,5.6849
0.3672,4.5958,5.7649
0.3676,4.5958,5.5249
0.368,4.6758,5.1249
0.3684,4.6758,5.1249
0.3688,4.6758,5.2849
0.3692,4.6758,5.2049
0.3696,4.6758,5.2049
0.37,4.6758,4.9649
0.3704,4.6758,4.9649
0.3708,4.6758,4.9649
0.3712,4.6758,5.0449
0.3716,4.6758,5.2049
0.372,4.6758,5.4449
0.3724,4.6758,5.6049
0.3728,4.6758,5.7649
0.3732,4.6758,5.8449
0.3736,4.5958,5.8449
0.374,4.6758,5.9249
0.3744,4.6758,5.5249
0.3748,4.6758,5.2049
0.3752,4.6758,5.3649
0.3756,4.6758,5.3649
0.376,4.6758,5.3649
0.3764,4.6758,5.2849
0.3768,4.7558,5.2049
0.3772,4.7558,5.2049
0.3776,4.6758,5.2049
0.378,4.6758,5.3649
0.3784,4.6758,5.6049
0.3788,4.6758,5.7649
0.3792,4.6758,5.9249
0.3796,4.6758,6.0049
0.38,4.6758,6.0849
0.3804,4.6758,6.2449
0.3808,4.7558,5.7649
0.3812,4.6758,5.2849
0.3816,4.7558,5.4449
0.382,4.6758,5.5249
0.3824,4.6758,5.3649
0.3828,4.7558,5.2849
0.3832,4.6758,5.2049
0.3836,4.6758,5.1249
0.384,4.6758,5.3649
0.3844,4.6758,5.3649
0.3848,4.7558,5.5249
0.3852,4.6758,5.6849
0.3856,4.6758,5.8449
0.386,4.6758,6.0049
0.3864,4.6758,6.0849
0.3868,4.6758,6.0049
0.3872,4.6758,5.5249
0.3876,4.6758,5.3649
0.388,4.6758,5.4449
0.3884,4.6758,5.4449
0.3888,4.6758,5.4449
0.3892,4.6758,5.4449
0.3896,4.6758,5.2049
0.39,4.6758,5.1249
0.3904,4.6758,5.2049
0.3908,4.6758,5.4449
0.3912,4.6758,5.6049
0.3916,4.7558,5.7649
0.392,4.6758,5.9249
0.3924,4.6758,6.0849
0.3928,4.6758,6.0849
0.3932,4.6758,5.8449
0.3936,4.6758,5.6849
0.394,4.6758,5.6849
0.3944,4.6758,5.5249
0.3948,4.6758,5.6049
0.3952,4.6758,5.6049
0.3956,4.6758,5.3649
0.396,4.6758,5.2849
0.3964,4.6758,5.2049
0.3968,4.6758,5.4449
0.3972,4.7558,5.5249
0.3976,4.6758,5.6849
0.398,4.6758,5.8449
0.3984,4.7558,6.0849
0.3988,4.7558,6.0849
0.3992,4.7558,6.1649
0.3996,4.7558,6.1649
0.4,4.7558,5.5249
0.4004,4.6758,5.5249
0.4008,4.6758,5.6049
0.4012,4.6758,5.5249
0.4016,4.7558,5.6049
0.402,4.7558,5.4449
0.4024,4.6758,5.4449
0.4028,4.7558,5.5249
0.4032,4.7558,5.4449
0.4036,4.6758,5.6049
0.404,4.6758,5.8449
0.4044,4.7558,6.0049
0.4048,4.5958,6.0849
0.4052,4.5958,6.2449
0.4056,4.6758,6.2449
0.406,4.6758,5.5249
0.4064,4.7558,5.9249
0.4068,4.7558,5.8449
0.4072,4.6758,5.7649
0.4076,4.6758,5.8449
0.408,4.7558,5.6049
0.4084,4.6758,5.4449
0.4088,4.6758,5.4449
0.4092,4.6758,5.3649
0.4096,4.6758,5.6049
0.41,4.7558,5.6849
0.4104,4.6758,5.9249
0.4108,4.6758,6.0849
0.4112,4.6758,6.0849
0.4116,4.6758,6.2449
0.412,4.6758,6.2449
0.4124,4.7558,5.3649
0.4128,4.6758,5.6849
0.4132,4.6758,5.5249
0.4136,4.6758,5.6049
0.414,4.6758,5.6849
0.4144,4.6758,5.4449
0.4148,4.6758,5.2049
0.4152,4.6758,5.2049
0.4156,4.6758,5.3649
0.416,4.6758,5.6049
0.4164,4.7558,5.6849
0.4168,4.7558,5.9249
0.4172,4.6758,6.0849
0.4176,4.6758,6.2449
0.418,4.6758,6.2449
0.4184,4.6758,5.9249
0.4188,4.6758,5.7649
0.4192,4.6758,5.6049
0.4196,4.6758,5.6849
0.42,4.6758,5.6849
0.4204,4.6758,5.6849
0.4208,4.6758,5.6049
0.4212,4.6758,5.6049
0.4216,4.6758,5.6049
0.422,4.6758,5.5249
0.4224,4.7558,5.6849
0.4228,4.6758,5.9249
0.4232,4.6758,6.1649
0.4236,4.6758,6.2449
0.424,4.7558,6.3249
0.4244,4.7558,5.6849
0.4248,4.7558,6.0849
0.4252,4.7558,5.6849
0.4256,4.7558,5.7649
0.426,4.6758,5.7649
0.4264,4.7558,5.6849
0.4268,4.7558,5.6849
0.4272,4.7558,5.4449
0.4276,4.7558,5.4449
0.428,4.7558,5.6049
0.4284,4.6758,5.5249
0.4288,4.6758,5.7649
0.4292,4.6758,5.9249
0.4296,4.6758,6.0849
0.43,4.6758,6.2449
0.4304,4.6758,6.3249
0.4308,4.6758,6.3249
0.4312,4.7558,5.9249
0.4316,4.7558,6.0049
0.432,4.7558,5.6849
0.4324,4.6758,5.7649
0.4328,4.6758,5.6049
0.4332,4.7558,5.6049
0.4336,4.6758,5.3649
0.434,4.6758,5.3649
0.4344,4.6758,5.2849
0.4348,4.7558,5.7649
0.4352,4.6758,5.8449
0.4356,4.6758,6.0049
0.436,4.6758,6.2449
0.4364,4.6758,6.2449
0.4368,4.6758,6.3249
0.4372,4.7558,6.1649
0.4376,4.7558,6.2449
0.438,4.6758,5.5249
0.4384,4.6758,5.6849
0.4388,4.6758,5.6849
0.4392,4.6758,5.6849
0.4396,4.6758,5.6049
0.44,4.6758,5.4449
0.4404,4.6758,5.5249
0.4408,4.6758,5.8449
0.4412,4.6758,5.9249
0.4416,4.6758,6.0849
0.442,4.7558,6.2449
0.4424,4.7558,6.2449
0.4428,4.6758,6.3249
0.4432,4.7558,6.4849
0.4436,4.6758,6.0849
0.444,4.6758,5.5249
0.4444,4.6758,5.6849
0.4448,4.7558,5.7649
0.4452,4.6758,5.7649
0.4456,4.6758,5.6849
0.446,4.6758,5.5249
0.4464,4.6758,5.6849
0.4468,4.6758,5.8449
0.4472,4.6758,5.8449
0.4476,4.6758,6.0849
0.448,4.6758,6.2449
0.4484,4.6758,6.4049
0.4488,4.6758,6.4849
0.4492,4.6758,6.4849
0.4496,4.6758,6.2449
0.45,4.7558,6.0049
0.4504,4.7558,5.8449
0.4508,4.7558,5.8449
0.4512,4.7558,5.8449
0.4516,4.7558,5.6849
0.452,4.7558,5.6049
0.4524,4.7558,5.5249
0.4528,4.7558,5.7649
0.4532,4.7558,5.6849
0.4536,4.7558,5.9249
0.454,4.7558,6.0849
0.4544,4.6758,6.2449
0.4548,4.7558,6.3249
0.4552,4.7558,6.4049
0.4556,4.6758,6.3249
0.456,4.6758,5.7649
0.4564,4.7558,5.6849
0.4568,4.7558,5.8449
0.4572,4.6758,5.8449
0.4576,4.7558,5.9249
0.458,4.7558,5.6049
0.4584,4.7558,5.4449
0.4588,4.7558,5.6049
0.4592,4.7558,5.7649
0.4596,4.7558,5.8449
0.46,4.7558,6.0849
0.4604,4.6758,6.2449
0.4608,4.7558,6.4049
0.4612,4.7558,6.4849
0.4616,4.7558,6.4849
0.462,4.7558,6.5649
0.4624,4.6758,5.9249
0.4628,4.7558,5.8449
0.4632,4.6758,5.9249
0.4636,4.6758,5.9249
0.464,4.7558,5.8449
0.4644,4.7558,5.7649
0.4648,4.7558,5.8449
0.4652,4.6758,5.8449
0.4656,4.7558,5.9249
0.466,4.6758,6.1649
0.4664,4.7558,6.3249
0.4668,4.7558,6.4849
0.4672,4.7558,6.6449
0.4676,4.7558,6.6449
0.468,4.7558,6.7249
0.4684,4.7558,6.0849
0.4688,4.7558,5.8449
0.4692,4.7558,6.0849
0.4696,4.7558,6.0049
0.47,4.7558,5.9249
0.4704,4.7558,5.7649
0.4708,4.6758,5.6849
0.4712,4.7558,5.8449
0.4716,4.7558,5.8449
0.472,4.7558,6.0849
0.4724,4.7558,6.2449
0.4728,4.7558,6.4049
0.4732,4.7558,6.5649
0.4736,4.7558,6.6449
0.474,4.7558,6.6449
0.4744,4.7558,6.1649
0.4748,4.7558,5.7649
0.4752,4.7558,5.9249
0.4756,4.7558,6.0049
0.476,4.7558,6.0849
0.4764,4.6758,5.8449
0.4768,4.7558,5.6049
0.4772,4.7558,5.6849
0.4776,4.7558,6.0049
0.478,4.7558,6.0049
0.4784,4.7558,6.2449
0.4788,4.7558,6.4049
0.4792,4.7558,6.5649
0.4796,4.7558,6.5649
0.48,4.7558,6.3249
0.4804,4.7558,6.0849
0.4808,4.7558,6.2449
0.4812,4.7558,6.2449
0.4816,4.7558,6.0849
0.482,4.7558,6.0049
0.4824,4.7558,5.9249
0.4828,4.7558,5.6849
0.4832,4.7558,5.6049
0.4836,4.7558,6.0049
0.484,4.7558,6.0849
0.4844,4.7558,6.2449
0.4848,4.7558,6.4849
0.4852,4.7558,6.4849
0.4856,4.7558,6.6449
0.486,4.7558,6.5649
0.4864,4.7558,5.6849
0.4868,4.7558,5.9249
0.4872,4.7558,6.0849
0.4876,4.7558,6.0849
0.488,4.7558,6.0849
0.4884,4.7558,5.9249
0.4888,4.7558,6.0049
0.4892,4.6758,5.9249
0.4896,4.7558,5.9249
0.49,4.7558,6.0849
0.4904,4.7558,6.2449
0.4908,4.6758,6.4849
0.4912,4.7558,6.5649
0.4916,4.7558,6.6449
0.492,4.7558,6.6449
0.4924,4.7558,6.0049
0.4928,4.7558,6.2449
0.4932,4.7558,6.0049
0.4936,4.7558,6.2449
0.494,4.7558,6.0849
0.4944,4.6758,6.0049
0.4948,4.7558,5.7649
0.4952,4.7558,5.7649
0.4956,4.6758,5.8449
0.496,4.7558,6.0049
0.4964,4.7558,6.1649
0.4968,4.6758,6.4049
0.4972,4.7558,6.4849
0.4976,4.7558,6.5649
0.498,4.7558,6.5649
0.4984,4.7558,6.4849
0.4988,4.7558,5.8449
0.4992,4.7558,5.9249
0.4996,4.7558,6.0849
0.5,4.7558,5.9249
0.5004,4.6758,5.9249
0.5008,4.7558,5.7649
0.5012,4.7558,5.6049
0.5016,4.7558,5.7649
0.502,4.7558,5.9249
0.5024,4.7558,6.0849
0.5028,4.7558,6.3249
0.5032,4.7558,6.4849
0.5036,4.7558,6.6449
0.504,4.7558,6.6449
0.5044,4.7558,6.4049
0.5048,4.7558,6.0049
0.5052,4.7558,6.0049
0.5056,4.7558,6.0849
0.506,4.7558,6.0049
0.5064,4.7558,6.0049
0.5068,4.7558,5.9249
0.5072,4.7558,6.0049
0.5076,4.6758,5.9249
0.508,4.7558,6.0049
0.5084,4.7558,6.2449
0.5088,4.7558,6.4049
0.5092,4.6758,6.6449
0.5096,4.7558,6.6449
0.51,4.7558,6.8049
0.5104,4.7558,6.5649
0.5108,4.7558,6.0049
0.5112,4.7558,6.0849
0.5116,4.7558,6.0849
0.512,4.7558,6.0049
0.5124,4.7558,6.0849
0.5128,4.7558,5.8449
0.5132,4.7558,5.8449
0.5136,4.7558,5.8449
0.514,4.7558,5.9249
0.5144,4.7558,6.0849
0.5148,4.7558,6.3249
0.5152,4.7558,6.4849
0.5156,4.7558,6.5649
0.516,4.6758,6.6449
0.5164,4.7558,6.7249
0.5168,4.6758,6.0049
0.5172,4.7558,5.8449
0.5176,4.7558,6.0849
0.518,4.7558,6.0849
0.5184,4.7558,5.9249
0.5188,4.7558,5.9249
0.5192,4.6758,5.6849
0.5196,4.7558,5.6849
0.52,4.6758,6.1649
0.5204,4.7558,6.0849
0.5208,4.7558,6.2449
0.5212,4.7558,6.4049
0.5216,4.7558,6.5649
0.522,4.7558,6.6449
0.5224,4.7558,6.4849
0.5228,4.7558,6.2449
0.5232,4.6758,5.8449
0.5236,4.7558,6.0049
0.524,4.6758,5.9249
0.5244,4.7558,5.9249
0.5248,4.7558,6.0049
0.5252,4.7558,5.7649
0.5256,4.7558,5.8449
0.526,4.7558,6.2449
0.5264,4.6758,6.0849
0.5268,4.6758,6.3249
0.5272,4.7558,6.4849
0.5276,4.7558,6.6449
0.528,4.7558,6.7249
0.5284,4.7558,6.6449
0.5288,4.7558,6.2449
0.5292,4.6758,5.9249
0.5296,4.7558,6.0049
0.53,4.7558,6.0049
0.5304,4.6758,6.0849
0.5308,4.7558,5.9249
0.5312,4.7558,5.8449
0.5316,4.6758,6.1649
0.532,4.6758,6.0849
0.5324,4.7558,6.2449
0.5328,4.6758,6.4049
0.5332,4.7558,6.5649
0.5336,4.7558,6.7249
0.534,4.6758,6.8049
0.5344,4.7558,6.8849
0.5348,4.7558,6.1649
0.5352,4.6758,6.1649
0.5356,4.7558,6.1649
0.536,4.7558,6.0849
0.5364,4.7558,6.0049
0.5368,4.7558,5.8449
0.5372,4.7558,5.8449
0.5376,4.7558,5.8449
0.538,4.7558,6.0049
0.5384,4.7558,6.0849
0.5388,4.7558,6.2449
0.5392,4.7558,6.4849
0.5396,4.7558,6.5649
0.54,4.7558,6.6449
0.5404,4.7558,6.6449
0.5408,4.7558,6.4849
0.5412,4.7558,5.9249
0.5416,4.7558,6.0849
0.542,4.7558,6.0849
0.5424,4.7558,6.0849
0.5428,4.7558,5.8449
0.5432,4.7558,5.7649
0.5436,4.7558,5.6849
0.544,4.7558,6.0049
0.5444,4.7558,6.0849
0.5448,4.7558,6.3249
0.5452,4.7558,6.4849
0.5456,4.7558,6.6449
0.546,4.7558,6.7249
0.5464,4.7558,6.8049
0.5468,4.7558,6.3249
0.5472,4.7558,6.0049
0.5476,4.7558,6.2449
0.548,4.7558,6.1649
0.5484,4.7558,6.1649
0.5488,4.7558,6.0849
0.5492,4.6758,6.0049
0.5496,4.7558,6.1649
0.55,4.7558,6.0849
0.5504,4.7558,6.2449
0.5508,4.7558,6.4849
0.5512,4.7558,6.6449
0.5516,4.7558,6.8049
0.552,4.7558,6.8849
0.5524,4.7558,6.8849
0.5528,4.7558,6.8049
0.5532,4.7558,6.0049
0.5536,4.7558,6.2449
0.554,4.7558,6.2449
0.5544,4.7558,6.1649
0.5548,4.7558,6.0049
0.5552,4.7558,5.9249
0.5556,4.7558,6.0049
0.556,4.8358,6.0049
0.5564,4.7558,6.1649
0.5568,4.7558,6.4049
0.5572,4.7558,6.5649
0.5576,4.7558,6.7249
0.558,4.7558,6.8049
0.5584,4.7558,6.8049
0.5588,4.7558,6.4049
0.5592,4.7558,5.9249
0.5596,4.7558,6.0849
0.56,4.7558,6.2449
0.5604,4.7558,6.2449
0.5608,4.7558,6.0849
0.5612,4.7558,5.8449
0.5616,4.7558,5.8449
0.562,4.7558,6.1649
0.5624,4.7558,6.2449
0.5628,4.7558,6.4849
0.5632,4.7558,6.5649
0.5636,4.7558,6.7249
0.564,4.7558,6.8049
0.5644,4.7558,6.8849
0.5648,4.7558,6.2449
0.5652,4.7558,6.4049
0.5656,4.7558,6.3249
0.566,4.7558,6.3249
0.5664,4.7558,6.1649
0.5668,4.7558,6.0849
0.5672,4.7558,5.8449
0.5676,4.7558,5.9249
0.568,4.7558,6.4849
0.5684,4.7558,6.2449
0.5688,4.7558,6.4849
0.5692,4.7558,6.6449
0.5696,4.7558,6.8049
0.57,4.7558,6.8849
0.5704,4.7558,6.8049
0.5708,4.7558,6.0849
0.5712,4.7558,6.1649
0.5716,4.7558,6.2449
0.572,4.6758,6.1649
0.5724,4.7558,6.1649
0.5728,4.7558,6.0849
0.5732,4.7558,6.0049
0.5736,4.7558,6.0849
0.574,4.7558,6.1649
0.5744,4.7558,6.3249
0.5748,4.7558,6.5649
0.5752,4.7558,6.6449
0.5756,4.7558,6.8849
0.576,4.7558,6.8849
0.5764,4.7558,6.4049
0.5768,4.7558,6.4049
0.5772,4.7558,6.4849
0.5776,4.7558,6.4849
0.578,4.7558,6.4049
0.5784,4.7558,6.2449
0.5788,4.7558,6.0849
0.5792,4.7558,6.0849
0.5796,4.7558,5.8449
0.58,4.7558,6.0849
0.5804,4.7558,6.3249
0.5808,4.7558,6.4849
0.5812,4.7558,6.6449
0.5816,4.7558,6.7249
0.582,4.7558,6.8849
0.5824,4.7558,6.8049
0.5828,4.7558,6.2449
0.5832,4.7558,6.0849
0.5836,4.7558,6.1649
0.584,4.7558,6.1649
0.5844,4.7558,6.2449
0.5848,4.7558,6.0849
0.5852,4.7558,5.7649
0.5856,4.7558,5.8449
0.586,4.7558,6.1649
0.5864,4.7558,6.2449
0.5868,4.6758,6.4849
0.5872,4.7558,6.6449
0.5876,4.7558,6.7249
0.588,4.7558,6.8049
0.5884,4.7558,6.3249
0.5888,4.7558,6.2449
0.5892,4.7558,6.1649
0.5896,4.7558,6.2449
0.59,4.7558,6.2449
0.5904,4.7558,6.1649
0.5908,4.7558,6.0849
0.5912,4.7558,6.2449
0.5916,4.7558,6.0849
0.592,4.7558,6.1649
0.5924,4.7558,6.4049
0.5928,4.7558,6.6449
0.5932,4.7558,6.7249
0.5936,4.7558,6.8849
0.594,4.7558,6.8849
0.5944,4.7558,6.7249
0.5948,4.7558,6.2449
0.5952,4.7558,6.2449
0.5956,4.8358,6.2449
0.596,4.7558,6.1649
0.5964,4.7558,6.3249
0.5968,4.7558,5.9249
0.5972,4.7558,6.0049
0.5976,4.7558,6.3249
0.598,4.7558,6.0849
0.5984,4.6758,6.2449
0.5988,4.7558,6.5649
0.5992,4.8358,6.7249
0.5996,4.6758,6.8049
0.6,4.7558,6.8849
0.6004,4.7558,6.7249
0.6008,4.7558,6.1649
0.6012,4.7558,6.0849
0.6016,4.7558,6.1649
0.602,4.7558,6.0849
0.6024,4.7558,6.0849
0.6028,4.6758,5.8449
0.6032,4.7558,5.7649
0.6036,4.7558,5.6849
0.604,4.7558,6.2449
0.6044,4.7558,6.3249
0.6048,4.6758,6.4849
0.6052,4.7558,6.6449
0.6056,4.7558,6.8049
0.606,4.7558,6.8049
0.6064,4.7558,6.9649
0.6068,4.7558,6.4049
0.6072,4.7558,6.0049
0.6076,4.7558,6.1649
0.608,4.7558,6.0849
0.6084,4.7558,6.0849
0.6088,4.6758,5.8449
0.6092,4.7558,5.8449
0.6096,4.7558,6.1649
0.61,4.6758,6.1649
0.6104,4.7558,6.4049
0.6108,4.7558,6.5649
0.6112,4.7558,6.7249
0.6116,4.7558,6.8049
0.612,4.7558,6.8049
0.6124,4.7558,6.5649
0.6128,4.7558,5.8449
0.6132,4.7558,6.1649
0.6136,4.6758,6.1649
0.614,4.7558,6.2449
0.6144,4.6758,6.1649
0.6148,4.7558,5.8449
0.6152,4.7558,6.2449
0.6156,4.7558,6.2449
0.616,4.6758,6.3249
0.6164,4.7558,6.4849
0.6168,4.7558,6.6449
0.6172,4.7558,6.8049
0.6176,4.7558,6.8849
0.618,4.7558,6.8849
0.6184,4.7558,6.3249
0.6188,4.7558,6.2449
0.6192,4.7558,6.2449
0.6196,4.7558,6.1649
0.62,4.7558,6.0849
0.6204,4.7558,6.0049
0.6208,4.8358,5.9249
0.6212,4.7558,6.0049
0.6216,4.7558,6.0049
0.622,4.7558,6.1649
0.6224,4.7558,6.4049
0.6228,4.7558,6.5649
0.6232,4.7558,6.7249
0.6236,4.7558,6.8049
0.624,4.7558,6.7249
0.6244,4.7558,6.1649
0.6248,4.8358,6.0049
0.6252,4.7558,6.1649
0.6256,4.7558,6.2449
0.626,4.7558,6.1649
0.6264,4.7558,6.0849
0.6268,4.7558,5.8449
0.6272,4.7558,5.9249
0.6276,4.8358,6.0049
0.628,4.7558,6.2449
0.6284,4.7558,6.4849
0.6288,4.7558,6.6449
0.6292,4.7558,6.7249
0.6296,4.7558,6.8849
0.63,4.7558,6.8849
0.6304,4.7558,6.5649
0.6308,4.7558,6.0049
0.6312,4.7558,6.2449
0.6316,4.7558,6.2449
0.632,4.7558,6.2449
0.6324,4.7558,6.1649
0.6328,4.7558,6.0849
0.6332,4.8358,6.1649
0.6336,4.7558,6.2449
0.634,4.7558,6.4049
0.6344,4.7558,6.5649
0.6348,4.7558,6.8049
0.6352,4.7558,6.8849
0.6356,4.7558,6.9649
0.636,4.8358,7.2049
0.6364,4.7558,6.4049
0.6368,4.7558,6.0849
0.6372,4.8358,6.2449
0.6376,4.7558,6.2449
0.638,4.7558,6.2449
0.6384,4.7558,6.0849
0.6388,4.7558,6.0049
0.6392,4.7558,6.0849
0.6396,4.7558,6.1649
0.64,4.7558,6.4049
0.6404,4.7558,6.4849
0.6408,4.8358,6.7249
0.6412,4.7558,6.8049
0.6416,4.8358,6.8849
0.642,4.7558,6.9649
0.6424,4.8358,6.3249
0.6428,4.7558,6.2449
0.6432,4.8358,6.2449
0.6436,4.7558,6.2449
0.644,4.7558,6.2449
0.6444,4.7558,6.0849
0.6448,4.7558,6.0049
0.6452,4.7558,5.9249
0.6456,4.7558,6.2449
0.646,4.8358,6.4049
0.6464,4.8358,6.6449
0.6468,4.7558,6.7249
0.6472,4.7558,6.8849
0.6476,4.7558,6.4849
0.648,4.7558,6.5649
0.6484,4.7558,6.4849
0.6488,4.7558,6.3249
0.6492,4.7558,6.2449
0.6496,4.7558,6.2449
0.65,4.7558,6.1649
0.6504,4.7558,6.0849
0.6508,4.7558,6.0849
0.6512,4.7558,6.2449
0.6516,4.7558,6.2449
0.652,4.7558,6.4849
0.6524,4.8358,6.7249
0.6528,4.7558,6.8049
0.6532,4.7558,6.8849
0.6536,4.7558,6.8849
0.654,4.7558,5.9249
0.6544,4.7558,6.1649
0.6548,4.7558,6.2449
0.6552,4.7558,6.2449
0.6556,4.7558,6.3249
0.656,4.7558,6.0849
0.6564,4.7558,6.1649
0.6568,4.7558,6.1649
0.6572,4.7558,6.2449
0.6576,4.7558,6.3249
0.658,4.8358,6.5649
0.6584,4.7558,6.7249
0.6588,4.8358,6.8849
0.6592,4.7558,6.9649
0.6596,4.7558,6.8849
0.66,4.7558,6.4049
0.6604,4.7558,6.6449
0.6608,4.7558,6.3249
0.6612,4.7558,6.2449
0.6616,4.7558,6.1649
0.662,4.7558,6.2449
0.6624,4.7558,6.0049
0.6628,4.7558,6.0049
0.6632,4.7558,6.2449
0.6636,4.7558,6.3249
0.664,4.7558,6.4849
0.6644,4.7558,6.6449
0.6648,4.7558,6.8049
0.6652,4.7558,6.8849
0.6656,4.7558,6.8049
0.666,4.7558,6.1649
0.6664,4.7558,6.1649
0.6668,4.7558,6.2449
0.6672,4.7558,6.2449
0.6676,4.7558,6.0849
0.668,4.7558,6.0849
0.6684,4.7558,5.9249
0.6688,4.7558,5.9249
0.6692,4.7558,6.0849
0.6696,4.7558,6.2449
0.67,4.7558,6.4849
0.6704,4.7558,6.7249
0.6708,4.7558,6.8049
0.6712,4.7558,6.8849
0.6716,4.7558,6.3249
0.672,4.7558,6.3249
0.6724,4.7558,6.2449
0.6728,4.7558,6.3249
0.6732,4.7558,6.2449
0.6736,4.7558,6.2449
0.674,4.7558,6.1649
0.6744,4.7558,6.2449
0.6748,4.7558,6.0849
0.6752,4.7558,6.1649
0.6756,4.7558,6.4849
0.676,4.7558,6.6449
0.6764,4.7558,6.8049
0.6768,4.7558,6.8849
0.6772,4.7558,7.3649
0.6776,4.7558,6.8049
0.678,4.8358,6.3249
0.6784,4.8358,6.3249
0.6788,4.7558,6.3249
0.6792,4.8358,6.2449
0.6796,4.7558,6.3249
0.68,4.7558,5.9249
0.6804,4.7558,6.0049
0.6808,4.7558,6.1649
0.6812,4.7558,6.0849
0.6816,4.7558,6.4049
0.682,4.7558,6.5649
0.6824,4.7558,6.8049
0.6828,4.8358,6.7249
0.6832,4.7558,6.8849
0.6836,4.7558,6.7249
0.684,4.7558,6.2449
0.6844,4.7558,6.1649
0.6848,4.7558,6.2449
0.6852,4.7558,6.0849
0.6856,4.7558,6.1649
0.686,4.7558,5.8449
0.6864,4.6758,5.8449
0.6868,4.7558,5.8449
0.6872,4.7558,6.2449
0.6876,4.7558,6.4049
0.688,4.7558,6.6449
0.6884,4.7558,6.7249
0.6888,4.7558,6.8849
0.6892,4.7558,6.8849
0.6896,4.8358,7.1249
0.69,4.7558,6.1649
0.6904,4.7558,6.0849
0.6908,4.7558,6.1649
0.6912,4.7558,6.2449
0.6916,4.7558,6.0849
0.692,4.7558,6.0049
0.6924,4.7558,6.0049
0.6928,4.7558,6.5649
0.6932,4.7558,6.2449
0.6936,4.7558,6.4849
0.694,4.7558,6.6449
0.6944,4.7558,6.8049
0.6948,4.7558,6.8849
0.6952,4.7558,6.8049
0.6956,4.7558,6.5649
0.696,4.7558,6.0849
0.6964,4.7558,6.1649
0.6968,4.6758,6.2449
0.6972,4.7558,6.2449
0.6976,4.7558,6.0849
0.698,4.7558,6.0849
0.6984,4.6758,6.3249
0.6988,4.7558,6.2449
0.6992,4.7558,6.4849
0.6996,4.7558,6.6449
0.7,4.7558,6.7249
0.7004,4.7558,6.8849
0.7008,4.7558,6.8849
0.7012,4.7558,6.8849
0.7016,4.7558,6.2449
0.702,4.7558,6.3249
0.7024,4.7558,6.2449
0.7028,4.7558,6.2449
0.7032,4.7558,6.1649
0.7036,4.7558,6.0049
0.704,4.7558,5.9249
0.7044,4.7558,6.3249
0.7048,4.7558,6.0849
0.7052,4.7558,6.2449
0.7056,4.7558,6.4849
0.706,4.7558,6.7249
0.7064,4.7558,6.8049
0.7068,4.7558,6.8849
0.7072,4.7558,6.7249
0.7076,4.7558,6.0049
0.708,4.8358,6.2449
0.7084,4.7558,6.2449
0.7088,4.7558,6.2449
0.7092,4.8358,6.1649
0.7096,4.7558,6.0849
0.71,4.7558,5.8449
0.7104,4.7558,6.0049
0.7108,4.7558,6.0849
0.7112,4.7558,6.3249
0.7116,4.7558,6.5649
0.712,4.7558,6.8049
0.7124,4.7558,6.8049
0.7128,4.7558,6.8849
0.7132,4.7558,6.8849
0.7136,4.7558,5.9249
0.714,4.7558,6.2449
0.7144,4.7558,6.3249
0.7148,4.7558,6.3249
0.7152,4.7558,6.2449
0.7156,4.8358,6.0849
0.716,4.7558,6.1649
0.7164,4.7558,6.1649
0.7168,4.8358,6.3249
0.7172,4.7558,6.4849
0.7176,4.7558,6.7249
0.718,4.7558,6.8849
0.7184,4.8358,6.9649
0.7188,4.7558,7.0449
0.7192,4.7558,6.8849
0.7196,4.8358,5.9249
0.72,4.7558,6.3249
0.7204,4.7558,6.3249
0.7208,4.8358,6.3249
0.7212,4.7558,6.1649
0.7216,4.7558,6.0849
0.722,4.7558,6.0049
0.7224,4.7558,6.1649
0.7228,4.7558,6.2449
0.7232,4.8358,6.4849
0.7236,4.7558,6.7249
0.724,4.7558,6.8849
0.7244,4.7558,6.8849
0.7248,4.7558,6.8849
0.7252,4.7558,6.7249
0.7256,4.7558,6.2449
0.726,4.7558,6.3249
0.7264,4.7558,6.2449
0.7268,4.7558,6.2449
0.7272,4.7558,6.0849
0.7276,4.7558,6.1649
0.728,4.7558,6.0049
0.7284,4.7558,6.1649
0.7288,4.7558,6.3249
0.7292,4.7558,6.5649
0.7296,4.7558,6.7249
0.73,4.7558,6.8849
0.7304,4.7558,6.8849
0.7308,4.7558,6.8849
0.7312,4.8358,6.4049
0.7316,4.7558,6.4849
0.732,4.7558,6.3249
0.7324,4.7558,6.3249
0.7328,4.7558,6.3249
0.7332,4.7558,6.1649
0.7336,4.7558,6.0849
0.734,4.7558,6.1649
0.7344,4.7558,6.1649
0.7348,4.8358,6.4049
0.7352,4.7558,6.6449
0.7356,4.7558,6.8049
0.736,4.8358,6.8849
0.7364,4.8358,6.9649
0.7368,4.7558,6.8849
0.7372,4.7558,6.1649
0.7376,4.7558,6.2449
0.738,4.7558,6.3249
0.7384,4.7558,6.3249
0.7388,4.7558,6.2449
0.7392,4.7558,6.1649
0.7396,4.7558,6.2449
0.74,4.7558,6.2449
0.7404,4.7558,6.2449
0.7408,4.7558,6.4849
0.7412,4.7558,6.7249
0.7416,4.8358,6.8849
0.742,4.7558,7.0449
0.7424,4.7558,7.0449
0.7428,4.7558,6.2449
0.7432,4.7558,6.5649
0.7436,4.7558,6.2449
0.744,4.7558,6.4049
0.7444,4.7558,6.4849
0.7448,4.7558,6.2449
0.7452,4.7558,6.0049
0.7456,4.7558,6.0849
0.746,4.7558,6.1649
0.7464,4.7558,6.2449
0.7468,4.7558,6.5649
0.7472,4.7558,6.6449
0.7476,4.7558,6.8049
0.748,4.7558,6.8849
0.7484,4.7558,6.8849
0.7488,4.7558,6.0849
0.7492,4.7558,6.2449
0.7496,4.7558,6.2449
0.75,4.7558,6.2449
0.7504,4.7558,6.2449
0.7508,4.7558,6.0849
0.7512,4.7558,5.9249
0.7516,4.7558,5.8449
0.752,4.7558,6.1649
0.7524,4.7558,6.2449
0.7528,4.7558,6.5649
0.7532,4.7558,6.6449
0.7536,4.7558,6.8049
0.754,4.7558,6.8049
0.7544,4.7558,6.8849
0.7548,4.7558,6.3249
0.7552,4.7558,6.1649
0.7556,4.7558,6.3249
0.756,4.7558,6.3249
0.7564,4.7558,6.2449
0.7568,4.7558,6.1649
0.7572,4.7558,6.2449
0.7576,4.7558,6.2449
0.758,4.7558,6.1649
0.7584,4.7558,6.3249
0.7588,4.7558,6.6449
0.7592,4.7558,6.8049
0.7596,4.7558,6.9649
0.76,4.7558,7.0449
0.7604,4.7558,6.9649
0.7608,4.7558,6.2449
0.7612,4.7558,6.3249
0.7616,4.7558,6.3249
0.762,4.8358,6.2449
0.7624,4.7558,6.3249
0.7628,4.7558,6.1649
0.7632,4.7558,6.0849
0.7636,4.7558,6.0849
0.764,4.7558,6.1649
0.7644,4.7558,6.4049
0.7648,4.7558,6.5649
0.7652,4.7558,6.8049
0.7656,4.7558,6.8849
0.766,4.7558,6.8849
0.7664,4.7558,6.9649
0.7668,4.7558,6.6449
0.7672,4.7558,6.1649
0.7676,4.7558,6.2449
0.768,4.7558,6.2449
0.7684,4.7558,6.1649
0.7688,4.7558,6.2449
0.7692,4.7558,5.9249
0.7696,4.7558,5.8449
0.77,4.7558,6.2449
0.7704,4.7558,6.4049
0.7708,4.7558,6.5649
0.7712,4.7558,6.7249
0.7716,4.7558,6.8849
0.772,4.7558,6.8849
0.7724,4.7558,7.1249
0.7728,4.7558,6.5649
0.7732,4.7558,6.0849
0.7736,4.7558,6.2449
0.774,4.7558,6.2449
0.7744,4.7558,6.2449
0.7748,4.6758,6.0049
0.7752,4.7558,5.9249
0.7756,4.7558,6.3249
0.776,4.7558,6.2449
0.7764,4.7558,6.4849
0.7768,4.7558,6.7249
0.7772,4.7558,6.8849
0.7776,4.7558,6.8849
0.778,4.7558,6.8849
0.7784,4.7558,6.6449
0.7788,4.7558,6.0849
0.7792,4.7558,6.2449
0.7796,4.7558,6.2449
0.78,4.7558,6.2449
0.7804,4.6758,6.1649
0.7808,4.7558,6.0849
0.7812,4.7558,6.3249
0.7816,4.7558,6.2449
0.782,4.7558,6.4049
0.7824,4.7558,6.6449
0.7828,4.7558,6.7249
0.7832,4.8358,6.8849
0.7836,4.7558,6.9649
0.784,4.7558,7.0449
0.7844,4.7558,6.3249
0.7848,4.7558,6.3249
0.7852,4.7558,6.2449
0.7856,4.7558,6.2449
0.786,4.7558,6.1649
0.7864,4.7558,6.0849
0.7868,4.7558,5.9249
0.7872,4.7558,6.3249
0.7876,4.7558,6.0849
0.788,4.7558,6.3249
0.7884,4.7558,6.4849
0.7888,4.7558,6.7249
0.7892,4.7558,6.8049
0.7896,4.7558,6.8849
0.79,4.8358,6.8049
0.7904,4.7558,6.0849
0.7908,4.8358,6.1649
0.7912,4.7558,6.3249
0.7916,4.7558,6.3249
0.792,4.7558,6.1649
0.7924,4.8358,6.0049
0.7928,4.7558,5.8449
0.7932,4.7558,6.0849
0.7936,4.7558,6.0849
0.794,4.7558,6.4049
0.7944,4.7558,6.5649
0.7948,4.7558,6.8049
0.7952,4.7558,6.8849
0.7956,4.7558,6.8849
0.796,4.7558,6.8849
0.7964,4.7558,6.1649
0.7968,4.7558,6.2449
0.7972,4.7558,6.4049
0.7976,4.7558,6.3249
0.798,4.7558,6.2449
0.7984,4.8358,6.0849
0.7988,4.7558,6.2449
0.7992,4.8358,6.2449
0.7996,4.7558,6.3249
0.8,4.7558,6.5649
0.8004,4.7558,6.8049
0.8008,4.7558,6.8849
0.8012,4.8358,7.0449
0.8016,4.7558,7.0449
0.802,4.7558,6.7249
0.8024,4.8358,6.0849
0.8028,4.7558,6.4049
0.8032,4.7558,6.4849
0.8036,4.7558,6.3249
0.804,4.7558,6.2449
0.8044,4.7558,6.0849
0.8048,4.7558,5.9249
0.8052,4.7558,6.1649
0.8056,4.7558,6.3249
0.806,4.7558,6.5649
0.8064,4.8358,6.7249
0.8068,4.8358,6.8849
0.8072,4.7558,6.9649
0.8076,4.7558,6.9649
0.808,4.7558,6.7249
0.8084,4.8358,6.1649
0.8088,4.8358,6.2449
0.8092,4.7558,6.3249
0.8096,4.7558,6.4049
0.81,4.8358,6.1649
0.8104,4.8358,6.2449
0.8108,4.7558,6.0049
0.8112,4.7558,6.3249
0.8116,4.7558,6.4049
0.812,4.7558,6.5649
0.8124,4.7558,6.7249
0.8128,4.7558,6.9649
0.8132,4.7558,6.9649
0.8136,4.7558,6.8049
0.814,4.7558,6.4849
0.8144,4.7558,6.4849
0.8148,4.7558,6.1649
0.8152,4.8358,6.3249
0.8156,4.7558,6.2449
0.816,4.7558,6.1649
0.8164,4.7558,5.9249
0.8168,4.7558,6.0049
0.8172,4.7558,6.2449
0.8176,4.7558,6.4849
0.818,4.7558,6.7249
0.8184,4.7558,6.8849
0.8188,4.8358,6.9649
0.8192,4.8358,7.0449
0.8196,4.7558,6.8049
0.82,4.7558,6.1649
0.8204,4.8358,6.3249
0.8208,4.7558,6.3249
0.8212,4.7558,6.3249
0.8216,4.7558,6.2449
0.822,4.7558,6.2449
0.8224,4.7558,6.2449
0.8228,4.7558,6.1649
0.8232,4.7558,6.3249
0.8236,4.7558,6.5649
0.824,4.7558,6.8049
0.8244,4.8358,6.8849
0.8248,4.7558,7.0449
0.8252,4.7558,7.1249
0.8256,4.7558,6.3249
0.826,4.7558,6.6449
0.8264,4.7558,6.6449
0.8268,4.7558,6.4049
0.8272,4.8358,6.2449
0.8276,4.7558,6.1649
0.828,4.7558,6.1649
0.8284,4.7558,6.1649
0.8288,4.7558,6.2449
0.8292,4.7558,6.3249
0.8296,4.7558,6.5649
0.83,4.7558,6.7249
0.8304,4.7558,6.8049
0.8308,4.7558,6.8849
0.8312,4.7558,6.8849
0.8316,4.7558,6.3249
0.832,4.8358,6.1649
0.8324,4.7558,6.2449
0.8328,4.7558,6.1649
0.8332,4.7558,6.2449
0.8336,4.7558,6.0849
0.834,4.7558,6.0049
0.8344,4.7558,5.8449
0.8348,4.7558,6.1649
0.8352,4.7558,6.3249
0.8356,4.7558,6.5649
0.836,4.7558,6.7249
0.8364,4.7558,6.8849
0.8368,4.7558,6.9649
0.8372,4.7558,6.6449
0.8376,4.7558,6.4849
0.838,4.7558,6.2449
0.8384,4.7558,6.3249
0.8388,4.8358,6.3249
0.8392,4.7558,6.2449
0.8396,4.7558,6.2449
0.84,4.7558,6.2449
0.8404,4.7558,6.2449
0.8408,4.7558,6.2449
0.8412,4.7558,6.4849
0.8416,4.7558,6.7249
0.842,4.7558,6.8849
0.8424,4.7558,6.9649
0.8428,4.7558,6.2449
0.8432,4.7558,6.5649
0.8436,4.7558,6.2449
0.844,4.7558,6.4049
0.8444,4.8358,6.3249
0.8448,4.7558,6.2449
0.8452,4.7558,6.4049
0.8456,4.7558,6.0849
0.846,4.7558,6.0849
0.8464,4.7558,6.2449
0.8468,4.7558,6.1649
0.8472,4.7558,6.4049
0.8476,4.7558,6.6449
0.848,4.7558,6.8049
0.8484,4.7558,6.8849
0.8488,4.7558,6.9649
0.8492,4.7558,6.8849
0.8496,4.7558,6.3249
0.85,4.7558,6.2449
0.8504,4.7558,6.3249
0.8508,4.7558,6.2449
0.8512,4.7558,6.1649
0.8516,4.7558,6.0049
